condition,Term,ES,NES,pval,fdr,Tag %,Gene %,leading_edge
Rest,Myc Targets V1,-0.6828548024246964,-3.609725784758577,0.0,0.0,105/139,20.40%,PSMA7;SNRPA1;RFC4;CCNA2;SNRPG;TFDP1;RRM1;PA2G4;CYC1;GSPT1;KPNA2;HNRNPA3;IMPDH2;PSMA2;PCNA;TCP1;USP1;CDC45;CCT5;CCT4;VDAC3;CDK4;CDC20;CDK2;H2AZ1;EIF4A1;MAD2L1;PSMD14;ODC1;PSMD3;PSMD1;PSMB2;NDUFAB1;EIF4E;TOMM70;TRIM28;ILF2;MCM7;MCM4;TUFM;C1QBP;SRSF2;VDAC1;HNRNPD;NME1;HNRNPA2B1;PSMD7;PSMB3;TRA2B;CBX3;SRM;PSMA1;PSMA4;TYMS;MCM5;PPM1G;LSM2;PRDX3;DHX15;HNRNPC;MCM2;SNRPA;CAD;ERH;PSMD8;HNRNPU;AIMP2;DUT;HSPD1;XPO1;HSPE1;HDGF;POLE3;VBP1;HSP90AB1;PRDX4;PPIA;CTPS1;UBE2L3;PRPF31;GOT2;ACP1;SERBP1;MCM6;RNPS1;XPOT;SNRPB2;MYC;SSBP1;COPS5;SRPK1;SLC25A3;YWHAQ;UBA2;SYNCRIP;SRSF7;YWHAE;SF3B3;EIF4H;EIF2S2;RAD23B;LSM7;PABPC4;IARS1;FAM120A
Rest,Myc Targets V2,-0.7093591204015605,-2.9899131637538554,0.0,0.0,24/34,17.61%,TBRG4;PA2G4;PLK1;TMEM97;CDK4;DCTPP1;RABEPK;PLK4;MCM4;SORD;CBX3;SRM;MCM5;NIP7;NDUFAF4;AIMP2;IMP4;HK2;HSPD1;HSPE1;SLC19A1;UNG;MYC;TFB2M
Rest,Spermatogenesis,-0.35970600683238474,-1.736672474742345,0.0,0.060215053763440864,22/64,8.89%,GSTM3;MAP7;DMC1;TTK;RFC4;KIF2C;TOPBP1;BUB1;DBF4;NEK2;CCNB2;NCAPH;AURKA;EZH2;VDAC3;CLPB;CDKN3;CDK1;MAST2;PSMG1;TALDO1;ARL4A
Rest,Interferon Alpha Response,0.48610789455094566,1.525130805902768,0.0,0.14334179786693754,47/90,31.13%,LY6E;CASP8;IFITM1;TRAFD1;IFITM3;HERC6;IFITM2;PLSCR1;SAMD9;DHX58;TMEM140;IFI44;STAT2;NUB1;IFI44L;IRF9;BST2;TRIM25;DDX60;ADAR;LGALS3BP;ISG20;OGFR;TXNIP;UBA7;UBE2L6;TRIM14;TRIM21;SAMD9L;OAS1;TRIM5;EPSTI1;PROCR;SP110;EIF2AK2;IFIH1;PARP12;RSAD2;IFI27;LPAR6;IFI35;IRF7;TAP1;PARP9;PARP14;MX1;USP18
Rest,Estrogen Response Late,-0.28258488929945924,-1.3767771504057058,0.0,0.24838709677419357,40/119,15.55%,MAPK13;SGK1;ALDH3A2;ID2;COX6C;STIL;KIF20A;PERP;SLC27A2;LSR;SLC16A1;TOP2A;CDC20;FABP5;SLC29A1;PLK4;FKBP4;MYOF;SORD;GINS2;ITPK1;RBBP8;IGFBP4;PLAAT3;TIAM1;PRSS23;GLA;SFN;SLC7A5;NMU;GALE;CDC6;PTPN6;CLIC3;KCNK5;MAPT;NBL1;IMPA2;NXT1;DHCR7
Rest,Interferon Gamma Response,0.41121051832195266,1.3173215370738656,0.009,0.7298730319959371,72/172,31.13%,LY6E;CASP8;TAPBP;TRAFD1;IFITM3;HERC6;IFITM2;PLSCR1;NLRC5;DHX58;ST3GAL5;SECTM1;RAPGEF6;IFI44;STAT2;XAF1;IFI44L;CASP4;ZBP1;IRF9;APOL6;BST2;STAT3;PTPN2;GCH1;TRIM25;DDX60;ADAR;ITGB7;LGALS3BP;PTPN1;ISG20;GZMA;OGFR;TXNIP;CD40;CFH;OAS3;STAT1;MX2;UBE2L6;TRIM14;TRIM21;SAMD9L;SAMHD1;EPSTI1;IL15RA;RBCK1;SP110;LCP2;STAT4;EIF2AK2;RIPK1;PELI1;IFIH1;CSF2RB;PARP12;OAS2;VAMP8;NCOA3;RSAD2;IFNAR2;IFI27;PLA2G4A;PSMB10;IFI35;IRF7;TAP1;PARP14;MX1;MYD88;USP18
Rest,Oxidative Phosphorylation,-0.2111034955427688,-1.2902502337276156,0.0,0.30709677419354836,56/176,15.78%,TIMM10;ATP5PB;ACAT1;COX6C;UQCRC1;CYCS;CYC1;FH;VDAC3;COX17;SDHB;NDUFA9;NDUFAB1;SLC25A5;TOMM70;GPI;HTRA2;UQCRFS1;ATP5F1B;COX6A1;OAT;NDUFB6;NDUFS6;VDAC1;ATP5MC3;NDUFB3;TIMM8B;VDAC2;DECR1;ETFA;IDH3B;TIMM17A;HCCS;TIMM13;PRDX3;NNT;COX8A;PDHA1;DLD;NDUFV2;SUCLG1;AFG3L2;TOMM22;IMMT;FXN;NDUFB2;DLST;UQCRQ;TIMM50;GOT2;GLUD1;ATP5F1A;NDUFS1;LRPPRC;ISCU;SUCLA2
Rest,Bile Acid Metabolism,0.41655657783616074,1.242182050531306,0.11246200607902736,1.0,44/69,44.04%,NEDD4;SCP2;GSTK1;SLC22A18;SULT1B1;IDH2;ABCD2;HACL1;NPC1;OPTN;PEX6;ATXN1;PEX7;LONP2;NR3C2;GNMT;SLC23A1;LIPE;EFHC1;PEX11G;PHYH;ALDH9A1;PRDX5;HSD17B6;IDH1;PEX12;PEX16;PEX19;HSD3B7;ACSL5;LCK;PNPLA8;PEX13;RETSAT;SOD1;NUDT12;SLC27A5;CAT;ABCA3;PAOX;APOA1;ALDH8A1;CROT;SLC23A2
Rest,Protein Secretion,0.39252325251630943,1.2076371035499966,0.14112903225806453,1.0,23/77,19.57%,ERGIC3;STX16;GALC;ADAM10;LAMP2;VPS45;RAB5A;VPS4B;VAMP4;NAPA;IGF2R;ARFGAP3;ATP7A;ARFGEF1;SEC31A;CTSC;ATP6V1H;ARFIP1;RAB2A;MON2;TSG101;SNAP23;AP1G1
Rest,Myogenesis,0.37958338522531565,1.1617041970438895,0.1606425702811245,1.0,31/96,24.57%,CFD;FHL1;SVIL;FXYD1;MEF2D;LPIN1;ADCY9;MEF2A;EIF4A2;GAA;HDAC5;OCEL1;MYOM1;TPM2;LSP1;SH3BGR;TAGLN;PSEN2;SH2B1;PC;MYH3;KLF5;TCAP;RIT1;ENO3;COL6A2;AGRN;APP;GADD45B;BHLHE40;CKB
Rest,Angiogenesis,0.4575728783899613,1.1188649089681435,0.32849162011173183,1.0,8/15,36.56%,TIMP1;PDGFA;APP;ITGAV;NRP1;LRPAP1;SPP1;STC1
Rest,UV Response Dn,0.36272187862261707,1.1097935522660225,0.26156941649899396,1.0,39/94,34.97%,IRS1;ATRN;SLC22A18;TOGARAM1;MGLL;NEK7;NOTCH2;MAP2K5;CDK13;DYRK1A;AGGF1;SMAD3;ATXN1;NR1D2;ATRX;PRKCE;PEX14;ARHGEF9;PTEN;SCAF8;DMAC2L;ATP2B4;MGMT;ABCC1;BHLHE40;INPP4B;PRKAR2B;SCN8A;SPOP;NRP1;DBP;RASA2;NIPBL;CDKN1B;ADD3;TGFBR2;MTA1;AKT3;PHF3
Rest,UV Response Up,-0.19823328309268107,-1.0898380325824102,0.0,0.6774193548387097,26/112,13.60%,FURIN;BAK1;TUBA4A;CASP3;RFC4;STIP1;GGH;CDO1;CDK2;FEN1;FKBP4;H2AX;YKT6;GLS;CCNE1;LYN;ATF3;SIGMAR1;AQP3;GRINA;AMD1;CNP;HNRNPU;POLE3;WIZ;RHOB
Rest,Pancreas Beta Cells,-0.33463618844642434,-1.0774255251299905,0.3076923076923077,0.6038709677419355,4/11,9.38%,STXBP1;FOXO1;SRPRB;SRP9
Rest,Allograft Rejection,0.3358574441865316,1.0601881326326466,0.352,1.0,54/137,38.56%,CD96;TIMP1;TLR6;CD7;TAPBP;PTPRC;CD3E;NCF4;CFP;CD247;TLR1;CTSS;CD4;IL27RA;ITK;CAPG;CD3G;IL12RB1;GZMA;FYB1;CD40;STAT1;EIF4G3;DEGS1;TRAF2;GPR65;CD2;IKBKB;ITGAL;LCP2;STAT4;NCK1;IFNAR2;LY86;PSMB10;IFNGR1;ELF4;IRF7;SIT1;TAP1;PRF1;IL16;ICAM1;LCK;LY75;EIF3D;MAP3K7;F2R;CD47;HCLS1;CD80;JAK2;WAS;UBE2D1
Rest,IL-6/JAK/STAT3 Signaling,0.349062741935901,1.0517036784974725,0.39918533604887985,1.0,19/67,25.05%,IL3RA;CRLF2;IL17RA;STAT2;IRF9;STAT3;PTPN2;IL12RB1;PTPN1;STAM2;STAT1;CSF2RA;CBL;IL15RA;IFNAR1;TNFRSF12A;TNFRSF1A;CSF2RB;IL10RB
Rest,KRAS Signaling Dn,0.3461402151228001,1.033061876070074,0.4447852760736196,1.0,29/64,38.84%,STAG3;PDE6B;RIBC2;BTG2;IDUA;MAST3;MTHFR;IFI44L;PDK2;SLC5A5;CLSTN3;CCDC106;SKIL;PLAG1;TG;TENT5C;RSAD2;SNN;FGGY;MX1;KCND1;CELSR2;ASB7;SLC25A23;DTNB;SIDT1;DLK2;CD80;VPS50
Rest,Wnt-beta Catenin Signaling,0.36768228565041183,1.0200344162475237,0.4625779625779626,1.0,10/30,27.03%,NCSTN;RBPJ;NKD1;HDAC5;PSEN2;WNT5B;HDAC11;CSNK1E;FRAT1;CTNNB1
Rest,Pperoxisome,0.3287294380825593,1.0079877562087283,0.5015075376884423,1.0,36/80,39.29%,SCP2;GSTK1;ECH1;IDH2;ABCD2;ABCB9;ABCC5;PEX6;VPS4B;DLG4;CNBP;ATXN1;LONP2;PEX14;ACOX1;CADM1;PEX11B;IDE;PEX2;ALDH9A1;PRDX5;FIS1;IDH1;HSD3B7;ACAA1;ACSL5;CRABP2;PEX5;MVP;PEX13;RETSAT;ERCC3;SOD1;SIAH1;CAT;BCL10
Rest,Epithelial Mesenchymal Transition,0.32861808080693944,1.007701011385423,0.48390342052313884,1.0,28/92,28.59%,SGCB;TIMP1;PLOD1;NOTCH2;SERPINH1;CAPG;GLIPR1;EFEMP2;APLP1;SAT1;PVR;ANPEP;TPM2;CADM1;ITGA5;TPM1;TAGLN;SERPINE2;IL32;PFN2;TNFRSF12A;COL6A2;PLAUR;GADD45B;ITGAV;QSOX1;FN1;PPIB
Rest,mTORC1 Signaling,-0.3237715836662103,-1.0,1.0,0.5550733137829913,68/176,16.47%,TUBA4A;DDX39A;CORO1A;EBP;ARPC5L;PSMD12;GOT1;CCNF;BUB1;STIP1;PSMA3;UCHL5;PLK1;AURKA;TMEM97;TUBG1;PSMD14;DHCR24;PSAT1;GPI;MCM4;EEF1E1;DDIT4;YKT6;RRM2;FADS2;HMBS;PSMG1;SORD;PSME3;SKAP2;TXNRD1;PSMA4;AK4;SLC1A5;NUP205;TOMM40;NFKBIB;SRD5A1;CDC25A;GLA;NMT1;MCM2;CCT6A;SLC7A5;MAP2K3;SDF2L1;PSMC2;POLR3G;PNP;PHGDH;HK2;HSPD1;HSPE1;CCNG1;IMMT;CDKN1A;PPIA;ACTR2;QDPR;RPN1;CALR;SCD;DHCR7;PSMB5;MLLT11;ACTR3;UNG
Rest,Mitotic Spindle,-0.2739162937338266,-1.0,1.0,0.5550733137829913,46/172,8.46%,PIF1;TUBA4A;KIF23;KIF4A;SASS6;TTK;BIRC5;SPTBN1;KIF11;LMNB1;NDC80;KIF2C;ARHGDIA;KIF20B;SMC4;TPX2;RACGAP1;BUB1;NEK2;DLGAP5;CEP72;CCNB2;INCENP;PLK1;AURKA;ESPL1;FBXO5;CDK5RAP2;CENPE;TOP2A;ANLN;NUSAP1;KNTC1;CENPJ;DST;SMC1A;BRCA2;PRC1;PALLD;KIF22;KIF15;CDK1;CDC27;CKAP5;NCK2;ECT2
Rest,G2-M Checkpoint,-0.6556240183281465,-1.0,1.0,0.5550733137829913,109/173,13.20%,STAG1;KNL1;CDC7;DDX39A;KIF23;KIF4A;AURKB;TTK;BIRC5;TMPO;MKI67;CKS1B;KIF11;MAP3K20;STMN1;LMNB1;TACC3;SMC2;NDC80;KIF2C;KIF20B;CCNA2;SMC4;ORC6;NSD2;TPX2;CCNF;RACGAP1;BUB1;DBF4;NEK2;TFDP1;CENPA;STIL;CCNB2;FANCC;INCENP;GSPT1;CHAF1A;PLK1;UBE2C;TROAP;KPNA2;AURKA;DTYMK;UBE2S;EXO1;ESPL1;FBXO5;EZH2;CDC45;KMT5A;CENPE;TOP2A;PTTG1;SLC7A1;ODF2;CDK4;CDC20;RBL1;NUSAP1;H2AZ1;RAD54L;MAD2L1;LBR;PBK;SUV39H1;ODC1;POLQ;CDKN2C;ILF3;SMC1A;PLK4;BRCA2;CDKN3;PRC1;HMMR;KIF22;KIF15;POLE;CDK1;CKS2;SRSF2;E2F2;CDC25B;HNRNPD;H2AX;CDC27;BARD1;GINS2;TRA2B;CHEK1;MCM5;MYBL2;MCM3;RAD21;POLA2;CDC25A;MCM2;SLC7A5;KIF5B;CENPF;E2F4;E2F1;NUP98;AMD1;HNRNPU;CDC6;XPO1
Rest,E2F Targets,-0.7419037995325518,-1.0,1.0,0.5550733137829913,133/182,14.29%,STAG1;TRIP13;TUBB;DDX39A;KIF4A;AURKB;E2F8;BIRC5;TMPO;MKI67;CKS1B;DEPDC1;CIT;CDCA3;KIF18B;SPAG5;RPA3;STMN1;LMNB1;TACC3;CSE1L;TBRG4;KIF2C;ASF1B;CDCA8;SMC4;ORC6;SPC24;CDKN2A;SSRP1;SHMT1;RACGAP1;MELK;DLGAP5;CCNB2;HMGB2;PA2G4;GINS1;DONSON;RBBP7;GSPT1;PLK1;KPNA2;AURKA;EXOSC8;RAD51C;UBE2S;POLD1;ESPL1;PCNA;USP1;EZH2;PSMC3IP;CENPE;TUBG1;TOP2A;PTTG1;DSCC1;CDK4;CDC20;NCAPD2;H2AZ1;MAD2L1;LBR;SUV39H1;DCTPP1;DNMT1;CDKN2C;MXD3;ILF3;SMC1A;ZW10;PLK4;BRCA2;DIAPH3;CDKN3;PPM1D;HMMR;CENPM;KIF22;MCM7;MCM4;POLE;RAD1;SNRPB;CDK1;CHEK2;CKS2;SRSF2;TIMELESS;CDC25B;HNRNPD;UBE2T;H2AX;RRM2;MSH2;NME1;BARD1;SPC25;UBR7;TRA2B;HELLS;CHEK1;CCNE1;PAN2;RFC3;MMS22L;MCM5;LIG1;MYBL2;RAD51AP1;NUP205;TK1;MCM3;RAD21;POLA2;CDC25A;ANP32E;MCM2;BUB1B;ATAD2;NUDT21;PAICS;ING3;DUT;XPO1;TCF19;PRDX4;CDKN1A;CTPS1;POP7;NUP107;WEE1
Rest,heme Metabolism,0.3144194744104795,0.9843696274725257,0.56,1.0,46/147,26.11%,CTNS;SEC14L1;VEZF1;RBM5;UCP2;LAMP2;BTG2;ATP6V0A1;MARCHF8;GCLC;OPTN;NEK7;PGLS;EZH1;FN3K;ARL2BP;YPEL5;CIR1;TNRC6B;DCUN1D1;DCAF11;CCDC28A;PPOX;FOXJ2;FBXO9;MPP1;KHNYN;BNIP3L;LRP10;PIGQ;EPB41;BTRC;PC;DCAF10;SLC11A2;BLVRA;NCOA4;CAST;LPIN2;ERMAP;CTSB;SDCBP;BLVRB;TENT5C;FOXO3;RBM38
Rest,Unfolded Protein Response,-0.19625071247311432,-0.9567958317031315,0.75,0.5991397849462365,29/88,16.56%,CKS1B;EIF4A1;PREB;EIF4E;HYOU1;PSAT1;EDC4;LSM4;DDIT4;H2AX;PDIA6;SRPRB;EIF4EBP1;BANF1;KHSRP;YIF1A;FUS;ATF3;SLC7A5;KIF5B;ATF4;EIF4G1;PDIA5;TUBB2A;CALR;LSM1;XPOT;EXOSC9;CEBPG
Rest,Apoptosis,0.3019804094619392,0.9479656645719453,0.64,1.0,55/129,39.29%,CASP8;TIMP1;BMF;IFITM3;LGALS3;XIAP;BTG2;CASP4;IGF2R;GCH1;ISG20;SQSTM1;TXNIP;SAT1;CASP2;BIRC3;DNAJC3;PSEN1;BNIP3L;PDCD4;BCL2L1;GSTM1;ANXA1;PLCB2;PPP3R1;RNASEL;CASP6;PSEN2;CREBBP;DAP3;CD2;TNFRSF12A;MGMT;APP;GADD45B;CTNNB1;PPT1;RHOT2;IFNGR1;TAP1;PRF1;CDKN1B;BID;GSN;NEFH;F2R;RETSAT;CD38;IER3;DDIT3;SOD1;BCL2L2;SMAD7;IRF1;BCL10
Rest,DNA Repair,-0.17513317341346288,-0.9103506568892609,1.0,0.6531017369727047,28/115,12.14%,ADRM1;ALYREF;RPA3;RFC4;ZWINT;SSRP1;IMPDH2;POLD1;PCNA;RAD51;RBX1;COX17;FEN1;PRIM1;DDB2;NME1;RFC5;RFC3;TYMS;NELFCD;SAC3D1;LIG1;AAAS;POLA2;NUDT21;SF3A3;ARL6IP1;PNP
Rest,Xenobiotic Metabolism,0.286664957535813,0.8981045124658579,0.7374749498997996,1.0,29/118,25.73%,PROS1;MARCHF6;ECH1;TKFC;ABCD2;HACL1;CYP1A1;POR;GABARAPL1;NPC1;GCLC;SLC46A3;GCH1;CYFIP2;ACOX1;BPHL;GNMT;NINJ1;CNDP2;CASP6;ACOX3;PC;CSAD;CBR1;TNFRSF1A;LPIN2;ALDH9A1;BLVRB;IDH1
Rest,Inflammatory Response,0.28622320418665687,0.897987530009399,0.7367367367367368,1.0,28/123,23.76%,LY6E;TIMP1;IFITM1;TAPBP;P2RX4;TLR1;ADGRE1;BTG2;C3AR1;BST2;IRAK2;GCH1;CD48;CD55;CD40;PVR;HRH1;PSEN1;ITGA5;C5AR1;SLC11A2;IL15RA;PTAFR;IFNAR1;PLAUR;MXD1;LCP2;EIF2AK2
Rest,Complement,0.26483912883621297,0.8349988278909165,0.8686058174523571,1.0,55/138,38.73%,CD46;TIMP1;PLSCR1;LIPA;CTSD;DYRK2;LGALS3;LAMP2;KIF2A;CTSS;CPQ;CASP4;KCNIP2;PRCP;CD55;GZMA;CTSC;ATOX1;CFH;DOCK10;PSEN1;DOCK9;CASP10;CBLB;GZMK;ERAP2;SPOCK2;PLAUR;CTSB;LCP2;STX4;SRC;PLA2G4A;FN1;AKAP10;IRF7;CTSO;VCPIP1;PDP1;RBSN;XPNPEP1;BRPF3;LCK;FDX1;MAFF;PRKCD;KLKB1;ITGAM;TMPRSS6;PSMB9;PRDM4;JAK2;WAS;USP15;IRF1
Rest,Cholesterol Homeostasis,0.2778768608808948,0.831266646123468,0.796969696969697,1.0,16/63,27.03%,PLSCR1;ECH1;LGALS3;SREBF2;TP53INP1;CPEB2;PNRC1;ALDOC;ACSS2;ANTXR2;ATXN2;TNFRSF12A;PLAUR;CBS;STX5;CTNNB1
Rest,Hypoxia,0.2614514274752535,0.8139470501393872,0.879,1.0,51/133,39.10%,VHL;RBPJ;UGP2;PNRC1;WSB1;HEXA;ATP7A;KDM3A;ALDOC;KLHL24;STBD1;ISG20;ZNF292;GAA;CDKN1C;TIPARP;BNIP3L;CASP6;IDS;B3GALT6;ENO3;PLAUR;PFKFB3;BHLHE40;PRDX5;LXN;FOXO3;KDELR3;ERO1A;ANKZF1;TGFB3;NDST2;GRHPR;SLC2A3;XPNPEP1;NAGK;CDKN1B;PPP1R15A;MAFF;CAVIN1;SLC37A4;KLF6;IRS2;IER3;MXI1;STC1;DDIT3;GLRX;NDST1;ERRFI1;SLC6A6
Rest,Apical Junction,-0.16133752644785834,-0.8083231085611383,1.0,0.7832258064516129,19/106,11.51%,AMIGO2;ARPC2;MAPK13;CLDN5;CTNNA1;ACTG1;MAP3K20;LIMA1;YWHAH;TUBG1;PFN1;HRAS;VASP;MPZL1;SKAP2;MSN;TSPAN4;GAMT;GNAI2
Rest,Coagulation,0.2604262916516828,0.7740492554117113,0.8394683026584867,1.0,5/54,7.38%,CFD;PROS1;TIMP1;LAMP2;CPQ
Rest,KRAS Signaling Up,0.24647555009614394,0.7717105879964852,0.9097291875626881,1.0,32/110,33.12%,CD37;LY96;ADAM8;SDCCAG8;CTSS;LAPTM5;MMD;C3AR1;RABGAP1L;ZNF277;KCNN4;PTBP2;CFH;CCSER2;BIRC3;LAT2;ST6GAL1;CSF2RA;CBL;GALNT3;MTMR10;PLAUR;ERO1A;CAB39L;NRP1;ATG10;RBM4;F2RL1;PCSK1N;PPP1R15A;VWA5A;IL7R
Rest,Apical Surface,0.2716669061481326,0.7150675477241805,0.8531618435155413,1.0,9/22,41.56%,ADAM10;B4GALT1;MDGA1;PLAUR;APP;TMEM8B;CRYBG1;NCOA6;LYPD3
Rest,TNF-alpha Signaling via NF-kB,0.22453757337688202,0.7127146054510957,0.971,1.0,63/161,44.71%,CEBPD;B4GALT1;BTG2;PNRC1;TANK;GCH1;SMAD3;SQSTM1;SAT1;B4GALT5;CCNL1;RELB;ZC3H12A;BIRC3;DENND5A;TIPARP;NINJ1;TNIP1;CLCF1;IL15RA;PLAUR;MXD1;PFKFB3;GADD45B;BHLHE40;IFIH1;REL;NFAT5;KDM6B;DNAJB4;SNN;TGIF1;BCL2A1;TAP1;IER2;SLC2A3;F2RL1;IL6ST;PTPRE;ICAM1;PPP1R15A;IL7R;MAFF;NFKBIA;KLF6;PTGS2;IRS2;IER3;TNFAIP8;CD80;JUNB;IRF1;FUT4;KLF9;NFKB2;BCL3;NFE2L2;JAG1;TRAF1;TLR2;PHLDA2;ZFP36;RNF19B
Rest,Notch Signaling,0.27979059529605715,0.7008156224998521,0.8694714131607335,1.0,2/17,8.15%,ARRB1;NOTCH2
Rest,TGF-beta Signaling,0.22564491175248408,0.647521678066979,0.9300411522633745,1.0,16/42,34.33%,XIAP;SMAD3;SMURF2;CDK9;CDKN1C;ARID4B;TRIM33;SKIL;APC;PPM1A;CTNNB1;ACVR1;TGIF1;SMURF1;PPP1R15A;MAP3K7
Rest,Adipogenesis,0.20380205382626895,0.6465864207592865,0.993,1.0,31/153,26.28%,SCP2;REEP6;ECH1;DRAM2;UCP2;POR;MGLL;STOM;TANK;SLC66A3;CMPK1;VEGFB;PEX14;BCL2L13;BAZ2A;REEP5;ACOX1;NDUFA5;DNAJB9;ETFB;NABP1;PDCD4;LIPE;BCKDHA;PPM1B;PHYH;PFKFB3;RREB1;CPT2;IDH1;MCCC1
Rest,p53 Pathway,0.199522053365588,0.6342534158840349,0.995995995995996,1.0,46/158,36.63%,TAX1BP3;TRAFD1;CTSD;BTG2;GLS2;ABCC5;IP6K2;BLCAP;TCN2;PRMT2;STOM;CTSF;CYFIP2;TXNIP;SAT1;ZFP36L1;NINJ1;RALGDS;PROCR;PDGFA;MXD1;DEF6;APP;PTPN14;FOXO3;VAMP8;FBXW7;HEXIM1;TAP1;TSPYL2;MKNK2;PTPRE;RHBDF2;PPP1R15A;VWA5A;MXD4;AK1;PITPNC1;PLXNB2;ERCC5;F2R;RETSAT;HINT1;IER3;DDIT3;IRAG2
Rest,IL-2/STAT5 Signaling,0.19238571038241192,0.6134751700998626,0.995995995995996,1.0,38/169,30.81%,IFITM3;CDC42SE2;MUC1;P2RX4;PLSCR1;CST7;IL3RA;ETFBKMT;GABARAPL1;RABGAP1L;CAPG;IGF2R;CD48;APLP1;SNX14;CISH;DENND5A;CDKN1C;IRF6;BCL2L1;GPR65;ENO3;MXD1;GADD45B;BHLHE40;PRAF2;RHOH;AHR;ITGAV;NCOA3;PTGER2;CKAP4;CTSZ;CDCP1;NRP1;IFNGR1;PRNP;SLC2A3
Rest,Glycolysis,0.18311495552617868,0.5758626768206724,0.998,1.0,44/142,37.05%,B4GALT7;PLOD1;KIF2A;PYGB;B4GALT1;GNE;IDUA;GCLC;UGP2;PGLS;CHST12;NANP;ISG20;ZNF292;B3GAT3;CASP6;PC;B3GALT6;RBCK1;SLC35A3;CHPF2;AGRN;SLC16A3;ALDH9A1;XYLT2;IDH1;PHKA2;QSOX1;SPAG4;KDELR3;NOL3;ERO1A;ANKZF1;AK3;COG2;SLC37A4;LHPP;MED24;IRS2;IER3;MXI1;STC1;GLRX;SOD1
Rest,Reactive Oxygen Species Pathway,0.18307406379795904,0.5334107166482571,0.9866939611054247,1.0,16/44,39.22%,GCLC;EGLN2;HMOX2;ATOX1;LAMTOR5;LSP1;ABCC1;HHEX;STK25;PRNP;MSRA;GLRX;SOD1;SCAF4;JUNB;CAT
Rest,Androgen Response,0.17295707091835275,0.5275459110113307,0.9919354838709677,1.0,24/74,38.55%,MYL12A;GPD1L;B4GALT1;HSD17B14;RAB4A;TMEM50A;SAT1;APPBP2;DNAJB9;HOMER2;NGLY1;ABCC4;NCOA4;INPP4B;ITGAV;SLC38A2;ELK4;ACTN1;HERC3;MAF;TNFAIP8;NKX3-1;SLC26A2;FKBP5
Rest,Estrogen Response Early,0.1677069462943627,0.5269293010180666,0.998998998998999,1.0,36/116,40.05%,MUC1;GAB2;SLC37A1;SVIL;B4GALT1;ADCY9;TGIF2;SH3BP5;CISH;TIPARP;AMFR;CBFA2T3;KDM4B;BHLHE40;UNC119;BLVRB;TSKU;DEPTOR;DYNLT3;FCMR;ASB13;MED13L;AFF1;PPIF;IL6ST;CELSR2;ADD3;MED24;ZNF185;SLC26A2;JAK2;FKBP5;TMPRSS3;ABCA3;DHRS2;ABAT
Rest,PI3K/AKT/mTOR  Signaling,0.1702199788040905,0.5201291902527934,0.9949899799599199,1.0,26/89,34.33%,THEM4;PIKFYVE;CAB39;STAT2;CAMK4;IRAK4;GSK3B;SQSTM1;ITPR2;PTEN;MKNK1;TRAF2;RIT1;TNFRSF1A;RPTOR;NCK1;RIPK1;DAPP1;CAB39L;MYD88;ATF1;MKNK2;CDKN1B;LCK;PRKAR2A;MAP3K7
Rest,Fatty Acid Metabolism,0.16314983362629662,0.5097932660202277,0.999,1.0,22/117,25.76%,CA6;REEP6;ECH1;ACSS1;CYP1A1;GABARAPL1;MGLL;SERINC1;ERP29;SUCLG2;ACOX1;BPHL;D2HGDH;UBE2L6;ACSM3;CBR1;BLVRA;ENO3;ALDH9A1;CPT2;IDH1;NBN
Rest,Hedgehog Signaling,0.19500468835009696,0.4954800638037877,0.9758241758241758,0.9961198577958355,6/18,36.43%,LDB1;NF1;NRP1;L1CAM;DPYSL2;PML
Stim8hr,E2F Targets,-0.5848426665304339,-2.9400304620484667,0.0,0.0,102/182,22.00%,TMPO;RPA3;CDC25B;LBR;KIF2C;SPC24;H2AZ1;MAD2L1;DIAPH3;STAG1;ZW10;NCAPD2;PLK4;TACC3;CKS2;STMN1;POLD3;HMMR;SHMT1;KIF18B;TRIP13;CKS1B;DLGAP5;DSCC1;RACGAP1;PTTG1;CDCA8;CDKN1B;EXOSC8;NUP107;BIRC5;SMC6;E2F8;CSE1L;ORC6;AURKB;DEPDC1;RAD51AP1;RAD51C;TIMELESS;CCNB2;AURKA;CDK4;PDS5B;PAN2;BUB1B;TOP2A;SPAG5;SPC25;TUBG1;SMC4;HMGB2;PLK1;TK1;RNASEH2A;TUBB;MELK;KIF4A;CENPM;RFC3;MYBL2;LMNB1;POP7;ASF1B;RRM2;CDCA3;MKI67;CENPE;CIT;PRPS1;CDKN3;ESPL1;KPNA2;CDC25A;CHEK1;NAA38;TCF19;CDKN2A;UBE2S;CDKN2C;PRDX4;MMS22L;CDK1;EZH2;NUDT21;PRIM2;CCP110;CDC20;ANP32E;BARD1;USP1;CNOT9;DDX39A;ATAD2;DUT;EED;POLD1;KIF22;POLE;UBE2T;BRCA1;UBR7
Stim8hr,G2-M Checkpoint,-0.5049247212358351,-2.5294563432558936,0.0,0.0,98/173,26.08%,SMC2;TMPO;CDC25B;LBR;KIF2C;H2AZ1;MAD2L1;CCNA2;KIF15;POLQ;ABL1;KNL1;TPX2;STAG1;CENPF;TFDP1;PLK4;CDC7;TACC3;CKS2;TTK;STMN1;KIF11;HMMR;INCENP;NDC80;TROAP;PBK;CKS1B;SAP30;RACGAP1;PTTG1;NEK2;CDKN1B;RAD54L;BIRC5;E2F2;ORC6;AURKB;CCNB2;AURKA;CDK4;PDS5B;NUMA1;TOP2A;BUB1;SMC4;MAP3K20;PLK1;CENPA;KIF23;KIF4A;MYBL2;HIRA;LMNB1;EXO1;KIF20B;MKI67;CENPE;CDKN3;ESPL1;KPNA2;CHAF1A;CDC25A;CHEK1;MAPK14;UBE2S;CDKN2C;CDK1;EZH2;PRIM2;ODF2;TGFB1;CDC20;BARD1;STIL;GINS2;DDX39A;CDC45;RAD23B;UBE2C;PRC1;KIF22;POLE;SLC38A1;ORC5;NUSAP1;NUP98;SMC1A;SUV39H1;DBF4;KMT5A;CUL5;NSD2;BRCA2;CDC27;PRMT5;DTYMK
Stim8hr,Interferon Alpha Response,0.6069501961796481,2.2824438572786283,0.0,0.0,50/90,23.21%,IFITM3;LY6E;NUB1;PARP12;UBE2L6;LAMP3;EIF2AK2;IFITM1;IFI44L;WARS1;DDX60;PLSCR1;HERC6;TRIM25;EPSTI1;IFITM2;PSMB8;LAP3;NMI;TRAFD1;USP18;RTP4;IFI35;IL15;PARP14;IFI27;LGALS3BP;IFIH1;ISG20;CXCL10;RNF31;DHX58;TMEM140;PARP9;MOV10;ADAR;PSME2;IFI44;TAP1;IRF2;PSMB9;CASP8;IRF9;OASL;BST2;SAMD9L;STAT2;RSAD2;PSME1;LPAR6
Stim8hr,Oxidative Phosphorylation,-0.44785839714583114,-2.2263189500207146,0.0,0.0,94/176,28.71%,VDAC3;COX6C;PDHB;GPX4;ACADSB;IDH3B;NDUFA7;OXA1L;ISCU;BDH2;TOMM22;COX6B1;NNT;COX11;HTRA2;COX7A2;UQCRFS1;NDUFS3;ACAT1;ATP5MC2;GPI;UQCRB;NDUFS2;TIMM13;OPA1;NDUFB4;SLC25A20;GLUD1;DECR1;NDUFB8;RETSAT;SLC25A11;DLAT;SLC25A5;AIFM1;NDUFB3;SLC25A3;ATP5F1B;NDUFB6;NDUFA2;UQCRQ;FXN;MDH1;PRDX3;NDUFA8;DLST;ATP5PB;MTRF1;NDUFS7;HADHB;HSPA9;SUCLG1;SLC25A4;NDUFA9;DLD;ATP5MG;NDUFA1;NDUFAB1;ATP5MC3;ETFDH;ATP5F1A;ACAA1;NDUFV2;RHOT1;GOT2;CYB5A;BAX;BCKDHA;MGST3;NDUFA4;IDH1;SDHB;COX6A1;FH;NDUFS4;ABCB7;ACADVL;TOMM70;NDUFB7;ATP5PD;ATP5PF;LDHB;ACADM;NDUFC2;HCCS;COX15;ATP5ME;ATP5MF;ATP5F1D;UQCR10;CYC1;NDUFV1;CYCS;NDUFC1
Stim8hr,Interferon Gamma Response,0.5192922582058567,2.100023449743547,0.0,0.0,98/172,26.42%,APOL6;IFITM3;LY6E;PARP12;UBE2L6;CD38;EIF2AK2;IFI44L;IL10RA;WARS1;DDX60;ST8SIA4;CASP4;PLSCR1;CD40;GCH1;HERC6;TRIM25;XAF1;EPSTI1;IFITM2;SECTM1;PSMB8;LAP3;OAS2;STAT1;NMI;TRAFD1;CFH;OAS3;USP18;RTP4;ICAM1;TAPBP;IFI35;IL15;IL15RA;PARP14;IFI27;LGALS3BP;RNF213;IFIH1;ISG20;CXCL10;PELI1;RNF31;DHX58;STAT3;SPPL2A;PSMB10;ITGB7;PFKP;GPR18;FGL2;RBCK1;ADAR;PSME2;NFKBIA;LCP2;CD274;IFI44;TAP1;ARL4A;NCOA3;TNFSF10;RAPGEF6;HIF1A;NLRC5;IRF2;RIPK1;BTG1;CXCL9;PSMB9;CASP8;CSF2RB;ZBP1;IRF9;OASL;BST2;SAMD9L;STAT4;ISOC1;ST3GAL5;STAT2;RSAD2;PSME1;AUTS2;MX2;TOR1B;PTPN2;NAMPT;CMPK2;MTHFD2;GZMA;OGFR;PNPT1;IRF1;CASP7
Stim8hr,Mitotic Spindle,-0.38871722524423535,-1.876916290343286,0.0,0.0091095829239975,72/172,22.16%,SPTBN1;KIF2C;CDK5RAP2;KIF3C;KIF15;ABL1;TPX2;CENPF;BIN1;TTK;KIF11;CEP57;PIF1;SASS6;INCENP;CENPJ;NDC80;DLGAP5;RACGAP1;NEK2;SUN2;BIRC5;CEP131;PCNT;EPB41;PREX1;CCNB2;AURKA;NUMA1;TOP2A;CEP192;ARFGEF1;BUB1;SMC4;APC;PLK1;DOCK2;KIF23;TLK1;ECT2;KIF4A;TIAM1;LLGL1;LMNB1;KIF20B;TUBA4A;RALBP1;MYH10;CENPE;ESPL1;TUBD1;MAP1S;ROCK1;CDK1;STAU1;ANLN;NCK2;TSC1;RHOF;SAC3D1;NIN;WASF2;CYTH2;CEP250;KIF3B;KATNB1;PCGF5;PRC1;KIF22;PLEKHG2;CKAP5;NUSAP1
Stim8hr,TNF-alpha Signaling via NF-kB,0.44599355439451605,1.8000057468942603,0.0,0.006700512846944824,74/161,26.61%,NINJ1;TRIB1;NFE2L2;EGR1;BTG2;ZC3H12A;GCH1;LDLR;ACKR3;PTPRE;TRAF1;PHLDA1;IER2;NFIL3;CCNL1;FOS;ICAM1;SAT1;IL15RA;FOSB;CEBPB;IFIH1;GEM;SLC2A3;TANK;EGR3;ETS2;CXCL10;STAT5A;MAFF;KDM6B;PFKFB3;TNF;NFKBIA;F2RL1;SDC4;BTG3;KLF9;TAP1;JAG1;RELB;TUBB2A;REL;NR4A3;IER5;CLCF1;DENND5A;BTG1;CSF2;BCL3;TIPARP;YRDC;SQSTM1;SMAD3;EHD1;SERPINB8;DUSP2;DUSP5;EGR2;BHLHE40;IER3;KLF10;PTGER4;B4GALT5;JUNB;CEBPD;BCL2A1;NAMPT;ATP2B1;TLR2;PLAUR;DNAJB4;IRF1;MAP2K3
Stim8hr,Cholesterol Homeostasis,0.45675263889615925,1.6166042310927997,0.008152173913043478,0.03919800015462722,18/63,16.46%,ATF5;TNFRSF12A;SREBF2;HMGCS1;CPEB2;PLSCR1;CBS;LDLR;ANTXR2;NFIL3;SC5D;TP53INP1;CYP51A1;ERRFI1;SQLE;CTNNB1;STARD4;JAG1
Stim8hr,Myc Targets V1,-0.3283452058996207,-1.5856812847589077,0.0,0.05444315441636152,57/139,28.32%,VDAC3;XPOT;H2AZ1;MAD2L1;CCNA2;TFDP1;RRM1;CAD;SNRPA1;UBE2L3;CDK4;CBX3;GLO1;EIF4E;HNRNPA2B1;PSMD1;TUFM;SLC25A3;SNRPG;PRDX3;PSMA2;CCT4;PPIA;RFC4;KPNA2;PRDX4;ILF2;SRPK1;LSM2;TYMS;NDUFAB1;PSMD3;HSPE1;VBP1;CDC20;GOT2;EPRS1;USP1;TRIM28;CDC45;RAD23B;LSM7;DUT;CANX;SNRPD2;TOMM70;HDDC2;HNRNPR;TCP1;EIF4G2;ERH;CDK2;AIMP2;IMPDH2;HSPD1;CYC1;SYNCRIP
Stim8hr,Spermatogenesis,-0.3637688546810868,-1.5264416795448903,0.020080321285140562,0.07216218629990176,20/64,15.77%,VDAC3;KIF2C;NCAPH;GFI1;TTK;NEK2;STRBP;CCNB2;AURKA;BUB1;TALDO1;TOPBP1;GAD1;PARP2;CDKN3;RFC4;DMC1;CDK1;EZH2;PEBP1
Stim8hr,Inflammatory Response,0.37860236848600437,1.4668704180583574,0.01726263871763255,0.12663969280725718,51/123,26.33%,LY6E;HRH1;LAMP3;EIF2AK2;PTGIR;TIMP1;IFITM1;BTG2;IL10RA;ADGRE1;CD40;GCH1;LDLR;PTPRE;SLC11A2;NMI;RTP4;ICAM1;TAPBP;IL15;IL15RA;ITGA5;GNA15;C5AR1;CXCL10;NFKBIA;LCP2;SELENOS;CXCR6;TNFSF10;HIF1A;NOD2;EMP3;RNF144B;PTGER2;C3AR1;CD14;CXCL9;RHOG;BST2;PVR;IL10;PTAFR;PTGER4;NAMPT;ATP2B1;SCARF1;TLR2;PLAUR;SLAMF1;IRF1
Stim8hr,DNA Repair,-0.3143629546386946,-1.4250947857800313,0.014285714285714285,0.12186937827734469,36/115,21.25%,AAAS;RPA3;GPX4;TARBP2;NME4;POLD3;ADRM1;ZWINT;EIF1B;RAD51;HCLS1;NELFCD;ZNF707;POM121;BRF2;PDE4B;RBX1;GTF2A2;POLR2C;GTF3C5;RFC3;TAF6;RRM2B;RFC4;POLB;ERCC2;GMPR2;TYMS;NUDT21;ALYREF;SAC3D1;GTF2H5;SF3A3;POLL;DUT;POLD1
Stim8hr,Epithelial Mesenchymal Transition,0.3754502761393698,1.399128217428713,0.03617571059431524,0.18940116314030703,32/92,22.66%,SERPINE2;TNFRSF12A;SNTB1;TIMP1;COL6A2;ITGB5;MEST;GPC1;ANPEP;SERPINH1;IL15;SAT1;CAPG;ITGA5;APLP1;GEM;IL32;TPM2;FLNA;PLOD1;COL5A2;SDC4;PDLIM4;FN1;CDH2;EMP3;CADM1;SLC6A8;EFEMP2;PVR;SPP1;SGCB
Stim8hr,Reactive Oxygen Species Pathway,-0.31615542301533317,-1.2342391360503602,0.15100671140939598,0.3512548003929624,11/44,16.36%,PRDX2;FES;GPX4;CAT;NDUFS2;NDUFB4;PRDX4;OXSR1;GCLC;ERCC2;GLRX2
Stim8hr,Notch Signaling,-0.40132200262027423,-1.198802500233605,0.2094240837696335,0.3846268345687833,6/17,14.54%,SAP30;RBX1;PSENEN;KAT2A;PRKCA;APH1A
Stim8hr,Angiogenesis,0.4534703891594841,1.1940595255629112,0.2564102564102564,0.6800063323528005,8/15,25.39%,TIMP1;PDGFA;NRP1;COL5A2;JAG1;APP;SPP1;STC1
Stim8hr,Apoptosis,0.2943292296640491,1.1352414726801339,0.22431077694235588,0.822906734015411,34/129,16.24%,IFITM3;XIAP;TNFRSF12A;IGF2R;CD38;SMAD7;TIMP1;BTG2;CASP4;GCH1;FEZ1;NEFH;SAT1;PLAT;CCNA1;GSTM1;BCL2L1;GNA15;EGR3;ISG20;WEE1;ANXA1;SC5D;TNF;FASLG;CYLD;PEA15;DAP;CTNNB1;BTG3;CD2;TAP1;TNFSF10;RNASEL
Stim8hr,heme Metabolism,-0.22960498938526946,-1.1270773791557804,0.1875,0.5347861034205591,21/147,10.76%,UBAC1;PRDX2;DAAM1;CAT;TNRC6B;DCAF11;GLRX5;CPOX;SLC25A38;CCDC28A;HAGH;NNT;LRP10;HTRA2;MKRN1;EPB41;E2F2;H1-0;MARCHF8;NARF;HMBS
Stim8hr,Pperoxisome,-0.252218355496703,-1.1233615836513928,0.22330097087378642,0.4980554856414462,21/80,21.10%,NUDT19;TSPO;CAT;ECI2;HSD17B4;ABCC5;SLC35B2;GNPAT;TOP2A;RETSAT;HSD17B11;SLC27A2;SLC25A4;ACSL1;BCL10;ACOT8;ACAA1;DHRS3;FADS1;IDH1;PRDX5
Stim8hr,IL-6/JAK/STAT3 Signaling,0.30712586455163177,1.1046674041730349,0.3136482939632546,0.8531241857015638,25/67,26.33%,TNFRSF12A;CD38;TNFRSF1A;IL3RA;IL17RA;CRLF2;STAT1;IL15RA;STAM2;IL12RB1;CXCL10;STAT3;TNF;CSF2RA;CD14;CSF2;CXCL9;CSF2RB;IRF9;LTBR;STAT2;PTPN2;TLR2;HAX1;IRF1
Stim8hr,Complement,0.27724412107435414,1.0964272521489817,0.3052503052503053,0.7995721980259257,54/138,28.49%,KIF2A;ZEB1;TIMP1;CASP4;KCNIP2;PLSCR1;CPQ;LAP3;ERAP2;CFH;PLAT;CALM3;CEBPB;CTSC;ITGAM;MAFF;F8;CTSB;LCP2;DUSP6;L3MBTL4;DOCK10;LAMP2;C4BPB;FN1;IRF2;CTSL;BRPF3;RBSN;GMFB;PSMB9;USP15;GNB4;RHOG;GZMK;EHD1;PRDM4;SRC;ME1;DUSP5;CD40LG;DGKG;SH2B3;GZMA;PLAUR;IRF1;CD59;CASP7;XPNPEP1;LGALS3;HSPA5;DOCK9;TMPRSS6;PLA2G4A
Stim8hr,Adipogenesis,-0.22774892900790816,-1.0946892241576607,0.22641509433962265,0.5390729659730285,50/153,21.96%,GPX4;DGAT1;GPAM;NMT1;CAT;COQ3;PREB;PDCD4;DBT;NKIRAS1;NDUFS3;ABCB8;DECR1;RETSAT;SCARB1;QDPR;TALDO1;DLAT;CD151;AIFM1;PGM1;SAMM50;ESYT1;UQCRQ;PRDX3;CD302;DDT;CDKN2C;SUCLG1;TST;DLD;NDUFAB1;DHRS7;IFNGR1;SLC25A10;CCNG2;ATL2;TOB1;SLC5A6;FAH;ACADS;BCKDHA;COQ9;MGST3;MTCH2;IDH1;SDHB;COX6A1;HIBCH;VEGFB
Stim8hr,Glycolysis,-0.22673538232151658,-1.0925533411919912,0.22560975609756098,0.5015629186389212,46/142,21.75%,MET;GOT1;STMN1;SLC37A4;HMMR;ALG1;SAP30;CXCR4;MED24;DEPDC1;CHST2;AURKA;MIF;TALDO1;CENPA;DDIT4;GALK1;KIF20A;GNPDA1;GALK2;MDH1;MPI;PPIA;PRPS1;MERTK;SLC25A13;DLD;CDK1;GCLC;FUT8;SLC25A10;EXT1;COG2;GOT2;BPNT1;CYB5A;HOMER1;ENO2;ABCB6;B4GALT2;IDH1;CHPF;IGFBP3;FKBP4;PDK3;PAXIP1
Stim8hr,IL-2/STAT5 Signaling,0.2670921678415582,1.0808935237859123,0.32558139534883723,0.7842036581051607,52/169,22.53%,IFITM3;MUC1;CST7;IGF2R;SPRED2;IL10RA;PRNP;PLSCR1;IL3RA;GABARAPL1;TRAF1;PHLDA1;NFIL3;CAPG;CDC42SE2;TTC39B;APLP1;BCL2L1;GPR65;NRP1;SLC2A3;CAPN3;MAPKAPK2;GLIPR2;CD81;CXCL10;CISH;MAFF;RNH1;FGL2;RABGAP1L;ETFBKMT;ARL4A;NCOA3;TNFSF10;SLC1A5;TNFRSF4;PTRH2;PTGER2;P4HA1;SCN9A;DENND5A;CSF2;SLC39A8;ENPP1;CDCP1;TNFRSF18;LRRC8C;IL10;EOMES;BHLHE40;SPP1
Stim8hr,Fatty Acid Metabolism,-0.23225898537302292,-1.0783165428079682,0.273224043715847,0.5040125543831894,48/117,26.48%,PDHB;GSTZ1;H2AZ1;IDH3B;NTHL1;CRYZ;ECI2;HSD17B4;CPOX;HSDL2;ALDH3A2;DECR1;MIF;PPARA;RETSAT;BCKDHB;GLUL;HSD17B11;ERP29;MDH1;G0S2;DLST;PTS;HADHB;S100A10;SUCLG1;DLD;ACSL1;HPGD;ETFDH;ACOT8;ACAA1;ACADS;ENO2;ALAD;IDH1;SMS;FH;HIBCH;ACADVL;HADH;CBR3;YWHAH;KMT5A;ACAT2;ACADM;GCDH;HCCS
Stim8hr,Allograft Rejection,0.26724888782267003,1.0586269349241375,0.3612121212121212,0.7955742253605821,58/137,30.45%,TIMP1;WARS1;ST8SIA4;CD40;CD96;CD7;STAT1;ICAM1;TAPBP;IL15;CAPG;GPR65;IL12RB1;CD79A;TAP2;PSMB10;FLNA;CFP;IL12A;TNF;FASLG;LCP2;ELF4;CD2;TAP1;ITGAL;HIF1A;ITGB2;PRF1;ABCE1;CXCL9;NCF4;BCL3;FYB1;SIT1;TRAF2;STAT4;DEGS1;LY86;IL10;EIF3A;DYRK3;CD40LG;TLR2;GZMA;PTPRC;NCK1;CXCR3;IL27RA;EIF4G3;IRF8;CD247;APBB1;CD4;CD74;IL7;HDAC9;TLR1
Stim8hr,Myogenesis,0.2751573373843167,1.0397074942905846,0.3931847968545216,0.7938046027369018,40/96,31.01%,CFD;FHL1;FXYD1;COL6A2;PRNP;ITGB5;KLF5;MB;PC;SVIL;TPM2;GNAO1;FKBP1B;MEF2D;DAPK2;SH2B1;ADCY9;MEF2A;OCEL1;LPIN1;SLC6A8;DENND2B;AK1;GSN;APP;BHLHE40;BAG1;MYH9;ITGB1;COL6A3;PYGM;MYH3;AEBP1;NOTCH1;CRAT;MYOM2;IFRD1;MYOM1;TCAP;CNN3
Stim8hr,p53 Pathway,-0.2162961463219608,-1.0346143706745436,0.4012345679012346,0.5978744306510673,35/158,17.76%,COQ8A;PERP;CGRRF1;CYFIP2;ISCU;TPRKB;MXD4;ABAT;FUCA1;ABCC5;RB1;CCNK;GM2A;RAD51C;POM121;HDAC3;RETSAT;LIF;DDIT4;H1-2;SPHK1;CCNG1;PRMT2;IRAK1;FDXR;MKNK2;S100A4;S100A10;CDKN2A;SLC35D1;CCP110;PHLDA3;SESN1;TGFB1;TOB1
Stim8hr,mTORC1 Signaling,-0.20236659772764543,-0.9876821478409427,0.54,0.708538001250335,50/176,23.71%,GOT1;NMT1;LTA4H;CORO1A;SLC37A4;POLR3G;CXCR4;PSMC2;GPI;AURKA;FADS2;BUB1;TUBG1;QDPR;SORD;PLK1;MLLT11;YKT6;DDIT4;HMBS;PGM1;RRM2;CCNG1;TUBA4A;PPIA;FDXR;CDC25A;PSMB5;EEF1E1;HSPA9;EBP;GCLC;RPN1;HSPE1;GLA;FADS1;EPRS1;GSK3B;ACTR3;IDH1;DDX39A;PHGDH;PSPH;ADD3;CANX;PSMD12;TOMM40;TM7SF2;PSAT1;RIT1
Stim8hr,TGF-beta Signaling,-0.25664645796201957,-0.9666157926258152,0.5034246575342466,0.7338100016285873,5/42,9.12%,FURIN;SPTBN1;BMPR1A;SMURF1;APC
Stim8hr,Coagulation,0.27816908898420867,0.949927164946542,0.5503448275862068,1.0,13/54,15.90%,PROS1;CFD;TIMP1;CPQ;CFH;PLAT;ANXA1;MAFF;F8;CTSB;DUSP6;LAMP2;FN1
Stim8hr,Hedgehog Signaling,0.35185934760102233,0.9487358349596281,0.5421303656597775,0.9688494875825754,9/18,28.15%,NRP1;ETS2;VLDLR;TLE1;NF1;L1CAM;MYH9;RASA1;GLI1
Stim8hr,KRAS Signaling Dn,0.264857026043214,0.9289740951558342,0.5975773889636609,0.9671352730458984,15/64,15.67%,STAG3;PDE6B;RIBC2;BTG2;IFI44L;MAST3;CCNA1;CCDC106;MFSD6;PDCD1;TG;FGGY;YPEL1;SLC5A5;IDUA
Stim8hr,Estrogen Response Early,0.23231226707999322,0.9003369619901035,0.6629491945477075,0.9906905318115184,31/116,24.62%,MUC1;INPP5F;TGIF2;ENDOD1;PPIF;NXT1;SLC37A1;FOS;TSKU;SVIL;MAPT;CBFA2T3;NRIP1;EGR3;FOXC1;CISH;MED13L;GAB2;SEC14L2;DYNLT3;ELOVL5;TMPRSS3;ADCY9;TIPARP;CELSR2;MYB;BHLHE40;FKBP5;KLF10;RAPGEFL1;BAG1
Stim8hr,Xenobiotic Metabolism,0.21805414340246643,0.8356374305417682,0.7694204685573366,1.0,26/118,21.41%,CYP1A1;PROS1;NINJ1;HPRT1;TNFRSF1A;GCH1;GABARAPL1;ACP2;PC;HES6;BPHL;ETS2;PSMB10;SPINT2;MARCHF6;POR;SLC1A5;ELOVL5;MAN1A1;CBR1;SMOX;ESR1;ACOX3;CSAD;ABCC2;EPHX1
Stim8hr,Estrogen Response Late,-0.17923439861884746,-0.8314547784055593,0.8854166666666666,1.0,31/119,22.65%,COX6C;PERP;NBL1;PLK4;PDCD4;MAPK13;MYOF;ALDH3A2;TOP2A;SCARB1;SORD;RNASEH2A;KIF20A;TIAM1;SLC27A2;TST;DLG5;SLC16A1;PTPN6;TOB1;CDC20;GLA;IGFBP4;STIL;GINS2;ATP2B4;ADD3;ID2;FKBP4;DNAJC1;SIAH2
Stim8hr,Pancreas Beta Cells,-0.3145237132549667,-0.8300539170285542,0.6784869976359338,1.0,2/11,5.93%,ELP4;DPP4
Stim8hr,KRAS Signaling Up,0.21348753659533398,0.8232076809121769,0.7710109622411693,1.0,26/110,21.10%,TRIB1;ADAM8;IL10RA;RBM4;MMD;TRAF1;PSMB8;HKDC1;CFH;PLAT;SDCCAG8;NRP1;PRDM1;CXCL10;DUSP6;F2RL1;RABGAP1L;CSF2RA;KCNN4;ITGB2;C3AR1;CSF2;PDCD1LG2;YRDC;ST6GAL1;PCSK1N
Stim8hr,Apical Junction,-0.17334760867863738,-0.7930683305212636,0.9187817258883249,1.0,37/106,29.08%,GAMT;PBX2;MAPK13;CDK8;CNN2;CD86;TUBG1;INPPL1;MAP3K20;TSPAN4;MAP4K2;SORBS3;MYH10;GNAI2;MAPK14;ARPC2;LAMB3;ADAM9;TSC1;MAPK11;RHOF;RRAS;PFN1;TIAL1;CAP1;HADH;ZYX;YWHAH;AKT2;SKAP2;STX4;AMIGO2;MPZL1;ARHGEF6;THBS3;MDK;EPB41L2
Stim8hr,Myc Targets V2,-0.21321946168186923,-0.7871012749850567,0.8448844884488449,1.0,5/34,9.26%,PLK4;CDK4;CBX3;SORD;PLK1
Stim8hr,Wnt-beta Catenin Signaling,0.24494729702993553,0.7452924642240984,0.8258258258258259,1.0,7/30,19.45%,RBPJ;WNT5B;NKD1;CTNNB1;JAG1;AXIN2;TCF7
Stim8hr,UV Response Up,0.19357337738480895,0.7448752025671963,0.9049338146811071,1.0,28/112,22.02%,CYP1A1;BTG2;AMD1;PPIF;GCH1;RRAD;FOS;ICAM1;FOSB;HYAL2;WIZ;SELENOW;SULT1A1;NFKBIA;BSG;BTG3;TAP1;C4BPB;AGO2;BTG1;CEBPG;SLC6A8;SQSTM1;CLCN2;PPAT;EPHX1;HSPA2;EIF5
Stim8hr,Unfolded Protein Response,0.1935687648051323,0.7149029812188795,0.9196428571428571,1.0,28/88,29.43%,TATDN2;YWHAZ;NABP1;DNAJB9;CEBPB;EIF2AK3;HSP90B1;FUS;SHC1;CNOT2;SEC31A;TUBB2A;CEBPG;IARS1;PAIP1;ZBTB17;KDELR3;NFYB;ATF6;HERPUD1;MTREX;MTHFD2;EXOSC9;HSPA5;XBP1;SLC30A5;WIPI1;EIF4A1
Stim8hr,Bile Acid Metabolism,0.1991697828833329,0.7121044350664938,0.9189907038512616,1.0,19/69,22.31%,NEDD4;PEX11G;SULT1B1;ACSL5;EFHC1;SLC27A5;RXRA;SLC23A1;PEX26;MLYCD;PEX13;SCP2;HSD17B6;ATXN1;ALDH8A1;HSD3B7;ISOC1;IDH2;GSTK1
Stim8hr,Hypoxia,0.17567361900593326,0.7052472545086907,0.9688279301745636,1.0,47/133,30.84%,B3GALT6;RBPJ;ACKR3;GPC1;NFIL3;FOS;GRHPR;HS3ST1;CAVIN1;PLAC8;SLC2A3;ISG20;MAFF;VHL;PFKP;PFKFB3;VLDLR;CITED2;NDST2;ERRFI1;SDC4;STBD1;P4HA1;WSB1;BTG1;TIPARP;NOCT;ILVBL;BHLHE40;KDELR3;IER3;NAGK;CDKN1C;MYH9;PYGM;STC1;PLAUR;XPNPEP1;HSPA5;GBE1;ZNF292;HMOX1;IRS2;IDS;LDHC;KLF6;ANXA2
Stim8hr,PI3K/AKT/mTOR  Signaling,-0.1570057018450467,-0.6834682374032037,0.9916317991631799,1.0,23/89,26.27%,ECSIT;CDKN1B;CXCR4;CDK4;CFL1;EIF4E;TIAM1;PRKCB;MKNK2;CDK1;MAP3K7;PTPN11;GRK2;GSK3B;PFN1;ACTR3;RALB;ARF1;PPP2R1B;RIT1;PRKAG1;MYD88;CDK2
Stim8hr,Protein Secretion,-0.1499629993529482,-0.6683218718268736,0.9831932773109243,1.0,7/77,9.45%,PPT1;SNX2;ZW10;ICA1;KRT18;ARFGEF1;YKT6
Stim8hr,Apical Surface,0.21978557504873292,0.6270178950071987,0.9303079416531604,1.0,22/22,78.07%,AFAP1L2;APP;MDGA1;PLAUR;LYPD3;CRYBG1;MAL;B4GALT1;TMEM8B;HSPB1;ADAM10;AKAP7;ADIPOR2;IL2RB;SULF2;FLOT2;LYN;DCBLD2;GSTM3;GATA3;NCOA6;BRCA1
Stim8hr,UV Response Dn,0.16591380190819113,0.621625370279038,0.9867899603698811,0.9822178697523387,21/94,23.07%,MGLL;SMAD7;LDLR;NRP1;DMAC2L;RXRA;COL5A2;DYRK1A;VLDLR;CITED2;ABCC1;PIK3CD;ATRX;SCN8A;TGFBR2;ATXN1;ATRN;SMAD3;CDON;BHLHE40;AKT3
Stim8hr,Androgen Response,-0.1407261040771624,-0.6044057101435644,1.0,0.9880325087076895,14/74,20.29%,IQGAP2;ADRM1;GNAI3;UBE2J1;H1-0;ANKH;SORD;SLC38A2;MERTK;HPGD;SPCS3;FADS1;ARID5B;SMS
Stim48hr,Myc Targets V1,-0.5758949035630309,-2.7552332838390186,0.0,0.0,80/139,25.52%,GLO1;VDAC3;SNRPA1;CCT5;LSM7;VBP1;EIF4G2;HNRNPA3;IFRD1;SNRPB2;TFDP1;ILF2;PTGES3;ORC2;EIF2S2;MYC;RFC4;CCNA2;C1QBP;H2AZ1;SRM;EPRS1;EIF4A1;COPS5;CDC20;SNRPD2;DUT;ERH;PRDX3;TOMM70;XPOT;MAD2L1;TRIM28;SERBP1;CYC1;HNRNPC;CAD;TCP1;SRPK1;PSMC6;HSPD1;EEF1B2;HNRNPR;UBE2L3;AIMP2;TUFM;SNRPG;HSP90AB1;PSMA4;GOT2;NME1;EIF3J;PSMD7;HSPE1;HDDC2;IARS1;RRM1;FAM120A;CCT4;IMPDH2;HNRNPD;ACP1;ODC1;UBA2;PA2G4;HPRT1;GSPT1;MCM6;APEX1;SLC25A3;PPM1G;TXNL4A;PSMD14;EIF4E;PSMD3;LSM2;VDAC1;SYNCRIP;CDK4;YWHAE
Stim48hr,Myc Targets V2,-0.6308210925125812,-2.3226308921461363,0.0,0.0013169949610627577,18/34,18.62%,SORD;MYC;TFB2M;SRM;NDUFAF4;SLC19A1;RABEPK;SLC29A2;HSPD1;NIP7;TBRG4;UNG;AIMP2;HK2;HSPE1;TMEM97;DCTPP1;PA2G4
Stim48hr,Interferon Alpha Response,0.6427128855711877,2.298461792383956,0.0,0.0,53/90,21.15%,SAMD9;IFITM3;TRAFD1;IFITM2;SAMD9L;IFITM1;PLSCR1;LY6E;TRIM5;IFI44L;LAMP3;MOV10;BST2;NUB1;PSMB9;HERC6;GBP2;OAS1;ADAR;TRIM25;IFI35;CMTR1;EIF2AK2;PSME1;LGALS3BP;PARP9;CXCL11;UBE2L6;ISG20;PARP14;NMI;IFI44;USP18;MX1;SELL;STAT2;TRIM14;EPSTI1;IRF7;DHX58;HELZ2;IL15;GMPR;RTP4;DDX60;CASP8;TMEM140;UBA7;IRF9;PROCR;TAP1;OGFR;CD47
Stim48hr,mTORC1 Signaling,-0.4218758581928557,-2.0564903627281668,0.0,0.005267979844251031,68/176,21.77%,DDIT4;POLR3G;GOT1;PHGDH;PSAT1;SKAP2;TXNRD1;PSMG1;SLC7A11;VLDLR;CTH;ARPC5L;PSPH;PSMA3;SORD;YKT6;IFRD1;CORO1A;EBP;MTHFD2;TES;SERP1;EIF2S2;EGLN3;HSPA5;INSIG1;ADIPOR2;SLC1A5;SHMT2;EPRS1;RPN1;COPS5;ABCF2;QDPR;SLC7A5;TRIB3;DDX39A;PSMC2;NFKBIB;PSMD12;STIP1;PPP1R15A;PSMC6;MLLT11;HSPD1;XBP1;UCHL5;UNG;PSMA4;DDIT3;PRDX1;HK2;ELOVL5;HSPE1;ACTR2;TMEM97;ACSL3;ENO1;CXCR4;AURKA;GSR;HPRT1;DHCR7;GCLC;MTHFD2L;LTA4H;RRM2;SSR1
Stim48hr,Unfolded Protein Response,-0.4201313026638528,-1.863370851432556,0.0,0.01646243701328447,46/88,30.80%,DDIT4;PSAT1;ATF4;CHAC1;EIF4EBP1;STC2;MTHFD2;SERP1;HSPA5;ERN1;EIF4A1;SRPRB;SLC7A5;DNAJC3;EXOSC1;XPOT;CEBPG;YIF1A;XBP1;DCP1A;NFYB;CKS1B;FUS;CXXC1;BANF1;IARS1;LSM1;CNOT6;DKC1;PDIA5;VEGFA;HERPUD1;SSR1;EIF4E;FKBP14;PDIA6;EIF4G1;HSPA9;SRPRA;ALDH18A1;WIPI1;ATF3;CEBPB;BAG3;NOLC1;SLC1A4
Stim48hr,Interferon Gamma Response,0.47180928187896565,1.8151059239068668,0.0,0.006542599592904915,68/172,20.74%,IFITM3;TRAFD1;IFITM2;SAMD9L;MVP;PLSCR1;LY6E;CD274;IFI44L;OAS3;STAT3;CD40;RIPK1;ST3GAL5;BST2;PSMB9;HERC6;OAS2;ICAM1;CASP4;ADAR;TRIM25;IFI35;CMTR1;EIF2AK2;PSME1;LGALS3BP;XAF1;VAMP5;CXCL11;UBE2L6;ST8SIA4;ISG20;ZBP1;PARP14;NMI;IFI44;USP18;SPPL2A;TAPBP;MX1;PFKP;NLRC5;IL10RA;IL15RA;APOL6;CFH;MX2;SECTM1;STAT2;TRIM14;EPSTI1;IRF7;DHX58;HELZ2;IL15;RTP4;LCP2;CDKN1A;DDX60;CASP8;PML;CD38;IRF9;TAP1;SOCS3;IRF5;OGFR
Stim48hr,Oxidative Phosphorylation,-0.3521716209999045,-1.6850180833488873,0.0,0.03213467704993129,68/176,23.52%,COX6C;ATP5PB;VDAC3;UQCRFS1;OAT;NDUFC2;COX11;ACADM;ATP5MF;ISCA1;FXN;SLC25A20;COX7A2L;ETFDH;COX15;GLUD1;PDHB;UQCRH;COX7C;NDUFB7;ATP5F1A;UQCRQ;COX10;UQCRC2;CYCS;GPX4;AFG3L2;SLC25A6;HCCS;PRDX3;TOMM70;UQCR10;NDUFB4;FDX1;NDUFV2;SDHB;SLC25A5;FH;CYC1;TOMM22;MDH1;SLC25A4;GOT2;DLD;NDUFA9;OPA1;TIMM10;SUCLG1;ACAT1;AIFM1;ATP5MC2;ECI1;ACADSB;MTX2;COX6B1;NDUFV1;NDUFA1;ATP5F1C;ETFA;SLC25A3;NDUFB3;TIMM9;TIMM13;NDUFS8;COX7B;NDUFA8;ATP5F1D;IDH3B
Stim48hr,G2-M Checkpoint,-0.33207640058719246,-1.6636359896242068,0.0,0.03292487402656894,71/173,27.88%,MAP3K20;E2F4;TFDP1;ODF2;TGFB1;LBR;MYC;CCNA2;SLC38A1;H2AZ1;CDC7;AMD1;RAD21;CDC20;SRSF10;SLC7A5;NSD2;PRMT5;UBE2S;DDX39A;MAD2L1;GINS2;NUP50;STAG1;SMC2;FANCC;STMN1;CKS1B;AURKB;UCK2;SLC7A1;POLQ;PURA;CHEK1;KIF2C;MYBL2;ORC6;HNRNPD;PRC1;WRN;DKC1;POLE;ODC1;CKS2;AURKA;GSPT1;SFPQ;HIRA;NDC80;MCM6;PDS5B;DR1;RBL1;KATNA1;KNL1;E2F3;E2F1;EWSR1;SYNCRIP;CDK4;SMC1A;TPX2;MNAT1;CENPA;TTK;HSPA8;UBE2C;CCNB2;RAD23B;NUP98;BIRC5
Stim48hr,KRAS Signaling Up,-0.3161649610958308,-1.463659846752115,0.019230769230769232,0.09595249002028662,26/110,13.46%,ETS1;GYPC;BTBD3;MAP3K1;USP12;TRIB2;ZNF639;EVI5;HBEGF;GADD45G;CCND2;CBR4;FUCA1;DOCK2;MAP4K1;EPB41L3;TNFAIP3;LIF;MTMR10;G0S2;BPGM;ID2;ANKH;LY96;PPP1R15A;CROT
Stim48hr,E2F Targets,-0.2944620269545798,-1.4581501376545671,0.0,0.08560467246907925,80/182,31.73%,MSH2;EXOSC8;DEPDC1;MTHFD2;RAD1;ORC2;LBR;MYC;KIF18B;H2AZ1;RAD21;CDC20;DUT;UBE2S;DDX39A;PSMC3IP;MAD2L1;LYAR;DIAPH3;STAG1;CDKN2A;TUBB;RFC1;TBRG4;RAD51AP1;UNG;STMN1;POP7;CKS1B;NME1;AURKB;DSCC1;SNRPB;PRPS1;CHEK1;KIF2C;NUP107;MYBL2;ORC6;DCTPP1;HNRNPD;POLE;CKS2;HMGB2;AURKA;PA2G4;EED;GSPT1;POLD3;SSRP1;MCM6;PDS5B;BRMS1L;RRM2;ZW10;NUP153;ASF1A;PAN2;TCF19;SYNCRIP;NCAPD2;CDK4;SMC1A;CDCA8;CCNB2;USP1;BIRC5;DLGAP5;E2F8;XPO1;TRIP13;MCM7;NUDT21;RFC3;LMNB1;NOLC1;PLK1;CDKN3;NUP205;PPP1R8
Stim48hr,Inflammatory Response,0.3827760504680211,1.4215746354694976,0.02054794520547945,0.29921488804885144,35/123,16.70%,HRH1;ADGRE1;IFITM1;LY6E;LAMP3;PLAUR;CD40;BST2;PIK3R5;TIMP1;TLR2;ITGA5;ICAM1;EIF2AK2;CXCL11;PTAFR;C3AR1;NMI;TAPBP;TLR1;PVR;PTGIR;P2RX4;SELL;PTPRE;IL10RA;IL15RA;GNA15;C5AR1;IRF7;EBI3;IL15;RTP4;LCP2;CDKN1A
Stim48hr,TGF-beta Signaling,-0.3640561038470423,-1.36362657354041,0.06772908366533864,0.143698783529292,9/42,13.11%,FURIN;SPTBN1;TGFB1;MAP3K7;APC;HIPK2;ID2;BMPR1A;PPP1R15A
Stim48hr,IL-6/JAK/STAT3 Signaling,0.391420712123213,1.324292208544759,0.10755441741357234,0.5147390229717942,25/67,23.19%,CRLF2;IL3RA;IL17RA;CSF2RA;STAT3;PIK3R5;LTBR;TLR2;CXCL11;IL12RB1;IL15RA;TYK2;TNF;STAT2;EBI3;GRB2;LEPR;HMOX1;CD38;IRF9;CD44;SOCS3;TNFRSF12A;CSF2RB;CSF2
Stim48hr,Reactive Oxygen Species Pathway,-0.3309645774339916,-1.3147518717413413,0.11196911196911197,0.18069170865781037,12/44,11.70%,FES;SOD2;CAT;TXNRD1;MGST1;GCLM;PRDX6;GPX4;SRXN1;NDUFB4;SCAF4;FTL
Stim48hr,Epithelial Mesenchymal Transition,0.3561540450871766,1.2773439375779883,0.07925407925407925,0.5885722593777262,39/92,25.71%,SERPINE2;APLP1;COL6A2;PLOD1;SGCB;ANPEP;PLAUR;TIMP1;PDLIM4;ITGA5;CAPG;IL32;ACTA2;LGALS1;ITGB5;SDC4;PVR;ENO2;CADM1;EFEMP2;FLNA;IL15;COL6A3;LOXL2;SNTB1;ITGAV;CD59;TPM1;BMP1;NOTCH2;SLC6A8;CD44;TNFRSF12A;PLOD3;P3H1;TPM2;SAT1;SERPINH1;MEST
Stim48hr,Myogenesis,0.3420262431317767,1.2340603111493036,0.1368909512761021,0.6563317824949114,31/96,21.03%,FHL1;CFD;COL6A2;AGRN;NOTCH1;PC;ADCY9;APOD;ITGB5;CLU;LSP1;MYH9;CRAT;GAA;MYOM1;MEF2A;OCEL1;SH2B1;MYOM2;COL6A3;CKB;FXYD1;CDKN1A;MB;SPTAN1;ACSL1;MYH3;PLXNB2;SLC6A8;EIF4A2;HDAC5
Stim48hr,Androgen Response,-0.2788570231064237,-1.2258206474716413,0.14583333333333334,0.2758505809353267,24/74,20.81%,SGK1;SORD;UAP1;SLC38A2;CDK6;INSIG1;TPD52;CENPN;GNAI3;ADAMTS1;ARID5B;H1-0;UBE2J1;ANKH;ADRM1;SRF;ELOVL5;IQGAP2;ACSL3;GSR;PA2G4;ZBTB10;AKAP12;NGLY1
Stim48hr,Angiogenesis,0.43788635890301125,1.1210354433059917,0.3360128617363344,1.0,5/15,17.57%,JAG1;LRPAP1;TIMP1;NRP1;ITGAV
Stim48hr,Notch Signaling,0.420694937518286,1.103213838933666,0.3359497645211931,1.0,5/17,13.04%,JAG1;ARRB1;NOTCH1;SAP30;TCF7L2
Stim48hr,Cholesterol Homeostasis,0.31648405976362604,1.0975199470565915,0.3188585607940447,0.9353009595812737,15/63,17.36%,JAG1;PLSCR1;CPEB2;PLAUR;HMGCS1;SREBF2;GUSB;CLU;LGALS3;ALDOC;ATF5;TM7SF2;CTNNB1;ECH1;NFIL3
Stim48hr,Complement,0.28822626275571933,1.0909662243436482,0.3063063063063063,0.8697077638848504,34/138,18.22%,LIPA;PLSCR1;CTSB;PLAUR;CPQ;PIK3R5;TIMP1;PSMB9;F8;SRC;CASP4;CTSL;KCNIP2;CALM3;PDP1;CLU;ZEB1;AKAP10;CTSD;LGALS3;CFH;C4BPB;PIK3CG;CASP10;PIK3CA;EHD1;IRF7;MSRB1;PRCP;GRB2;LCP2;CTSS;CD59;ERAP2
Stim48hr,TNF-alpha Signaling via NF-kB,0.28112588596733357,1.0887437049996225,0.31,0.7992677575405114,38/161,20.25%,NINJ1;PANX1;JAG1;B4GALT1;PLAUR;PHLDA2;PFKFB3;TLR2;ICAM1;DENND5A;KDM6B;CXCL11;STAT5A;NR4A2;REL;SDC4;TNIP2;PTPRE;NR4A1;PER1;RNF19B;IL15RA;FOSB;TNF;DNAJB4;CCNL1;EHD1;B4GALT5;CLCF1;RELB;CDKN1A;NFIL3;PHLDA1;TRAF1;CD83;CD44;TAP1;SOCS3
Stim48hr,DNA Repair,-0.2253081741962284,-1.080908164458726,0.2857142857142857,0.5608203542525577,33/115,22.02%,NME4;HCLS1;BCAP31;POLB;RFC4;MPC2;ALYREF;SMAD5;GPX4;DUT;POM121;GTF2H3;RALA;TAF6;ADRM1;POLR1D;TMED2;NME1;ERCC8;IMPDH2;SF3A3;SUPT4H1;GTF2A2;ZWINT;HPRT1;POLR2I;POLD3;AAAS;PDE4B;SSRP1;SAC3D1;DDB1;BRF2
Stim48hr,Apical Surface,0.38329264783003064,1.0712253414630317,0.3661119515885023,0.7959617621401571,6/22,11.74%,B4GALT1;PLAUR;FLOT2;HSPB1;AFAP1L2;MDGA1
Stim48hr,KRAS Signaling Dn,0.31577745104966637,1.068929569426282,0.36175710594315247,0.7419811215245935,11/64,11.55%,STAG3;PDE6B;RIBC2;IFI44L;SLC5A5;NR4A2;DLK2;FGGY;CCDC106;MX1;SLC25A23
Stim48hr,IL-2/STAT5 Signaling,-0.21739827250323673,-1.0660406810887493,0.2777777777777778,0.5659026040381974,38/169,17.62%,FURIN;FAH;PIM1;CCR4;HUWE1;PRKCH;BCL2;CASP3;CD79B;CCND2;ITGA6;FLT3LG;MYC;DCPS;SLC1A5;GPX4;TNFRSF21;ARL4A;LIF;HIPK2;CD86;AHCY;TNFSF11;RHOH;SLC29A2;XBP1;PDCD2L;HK2;RRAGD;UCK2;SWAP70;TNFRSF1B;CTLA4;ALCAM;SOCS2;MYO1E;IFNGR1;ODC1
Stim48hr,Xenobiotic Metabolism,-0.22617778818165965,-1.0626024025206766,0.30597014925373134,0.5358288070152476,34/118,19.59%,FAH;ADH5;CAT;DDT;PTS;ETFDH;PTGES3;GAD1;SSR3;PMM1;SLC1A5;SHMT2;PGRMC1;ASL;TPST1;TMBIM6;PYCR1;AHCY;ID2;GART;LCAT;CROT;AP4B1;SLC35B1;ELOVL5;TMEM97;ACP1;ABHD6;GSR;HPRT1;ARG2;PPARD;PEMT;SLC35D1
Stim48hr,Bile Acid Metabolism,0.3025574469955522,1.0384255622579937,0.4247787610619469,0.7848782868774146,19/69,20.39%,NEDD4;IDH2;PEX11G;SCP2;GSTK1;ATXN1;OPTN;CYP7B1;NR3C2;SOD1;HSD17B6;HSD3B7;SULT1B1;SLC22A18;PEX6;ACSL1;SLC35B2;NPC1;ABCA3
Stim48hr,Spermatogenesis,-0.24987322961744346,-1.0355086697425617,0.39737991266375544,0.572102611085662,27/64,32.23%,VDAC3;PSMG1;GSTM3;GAD1;GMCL1;DMC1;RFC4;IL12RB2;GFI1;ARL4A;ZC3H14;KIF2C;AURKA;MLLT10;TALDO1;PHKG2;PEBP1;STRBP;NCAPH;TTK;CCNB2;STAM2;LPIN1;NEK2;CDKN3;CSNK2A2;PIAS2
Stim48hr,UV Response Up,-0.2197250849730737,-1.0320634219449076,0.38686131386861317,0.5455651626202475,18/112,12.94%,FURIN;SOD2;CASP3;IGFBP2;SPR;YKT6;RFC4;GRINA;AMD1;RPN1;BTG1;FKBP4;CLTB;TMBIM6;HSPA13;CEBPG;STIP1;SLC25A4
Stim48hr,Estrogen Response Late,-0.21657915195360042,-1.0255647863399389,0.40625,0.5297418555145376,27/119,19.40%,COX6C;PERP;SGK1;SLC27A2;BCL2;DLG5;SORD;ALDH3A2;FABP5;NBL1;MYOF;MYB;CDC20;SLC16A1;SLC7A5;FKBP4;GINS2;ID2;NXT1;XBP1;TST;ELOVL5;MAPK13;OPN3;HPRT1;FDFT1;DHCR7
Stim48hr,Wnt-beta Catenin Signaling,0.34185976297695064,1.0203960096684423,0.4442857142857143,0.788121546961326,14/30,32.27%,JAG1;WNT5B;AXIN2;NOTCH1;NCSTN;RBPJ;CTNNB1;HDAC5;NUMB;DVL2;GNAI1;AXIN1;NCOR2;HDAC11
Stim48hr,heme Metabolism,-0.2026408806557593,-1.0063548529758206,0.415929203539823,0.5497722298569756,23/147,12.29%,UBAC1;DAAM1;SLC30A1;GYPC;SLC25A38;CAT;SLC7A11;MOSPD1;SLC6A9;ISCA1;KLF3;CPOX;MKRN1;GCLM;KDM7A;GLRX5;TRIM58;H1-0;H4C3;SLC10A3;BPGM;CDR2;RANBP10
Stim48hr,Adipogenesis,-0.20586185043619795,-1.0019652543686302,0.4796747967479675,0.5312341779781566,31/153,16.15%,FAH;EPHX2;PPP1R15B;CAT;ACADM;DDT;SAMM50;NDUFB7;ADIPOR2;SLC1A5;HIBCH;GHITM;UQCRQ;GPX4;QDPR;MAP4K3;ARL4A;PRDX3;ATP1B3;UQCR10;SLC19A1;SDHB;CYC1;COQ3;NKIRAS1;DLD;TST;PPM1B;SUCLG1;GADD45A;AIFM1
Stim48hr,Apoptosis,0.2662926988213946,0.9983002415499721,0.479498861047836,0.8021636013375981,39/129,23.14%,IFITM3;IGF2R;GSTM1;ANXA1;TIMP1;CASP4;BCL2L1;NEFH;PRF1;ISG20;RNASEL;HSPB1;FEZ1;CLU;ENO2;LGALS3;RHOT2;TNF;GNA15;SOD1;FASLG;BCL2L11;CTNNB1;CDKN1A;PPP2R5B;SPTAN1;ADD1;BMF;CASP8;HMOX1;CD38;MGMT;CD44;TAP1;TNFRSF12A;BNIP3L;BTG2;PSEN1;GSN
Stim48hr,Pperoxisome,-0.22604102643808566,-0.9768486350417103,0.48936170212765956,0.5663078332569859,8/80,4.14%,NUDT19;EPHX2;SOD2;SLC27A2;SIAH1;CAT;MSH2;TSPO
Stim48hr,Pancreas Beta Cells,-0.35229223532661447,-0.9422047058406748,0.5255102040816326,0.6292727352049386,3/11,11.51%,STXBP1;SRPRB;DPP4
Stim48hr,Glycolysis,-0.19281011641209472,-0.9228440398577914,0.6422764227642277,0.6461656186232457,38/142,20.67%,DDIT4;GOT1;MET;AKR1A1;B4GALT2;STC2;VLDLR;CTH;GFPT1;DEPDC1;EGLN3;HSPA5;CLN6;FAM162A;FKBP4;TPST1;POLR3K;MDH1;FUT8;STMN1;GOT2;DLD;HK2;RRAGD;PRPS1;SLC25A13;HAX1;EXT1;CHST2;ENO1;BIK;CXCR4;AURKA;CHPF;VEGFA;COG2;GCLC;PHKA2
Stim48hr,Coagulation,0.27224957151212986,0.9130861042505619,0.6107470511140236,0.9936284487624651,12/54,13.37%,CFD;PROS1;CTSB;ANXA1;CPQ;TIMP1;F8;MSRB2;MST1;CLU;CFH;RAC1
Stim48hr,Fatty Acid Metabolism,0.2382790796384392,0.8737137542828024,0.7149532710280374,1.0,18/117,11.62%,MGLL;CYP1A1;SUCLG2;CBR1;IL4I1;REEP6;PSME1;HMGCS1;UBE2L6;D2HGDH;LGALS1;BPHL;DECR1;PCBD1;ACAA2;CA6;ENO2;CRAT
Stim48hr,PI3K/AKT/mTOR  Signaling,-0.17582174418184232,-0.7863580499921229,0.9166666666666666,0.8744846541456711,26/89,25.20%,LCK;NCK1;ECSIT;MAP3K7;MAPK9;RALB;TRIB3;NFKBIB;UBE2N;ATF1;DDIT3;CSNK2B;ACTR2;CXCR4;PPP2R1B;PTEN;ARF1;YWHAB;PFN1;EIF4E;ACTR3;E2F1;RAF1;ARPC3;IL4;CDK4
Stim48hr,Apical Junction,0.21376305034295554,0.7778379182096751,0.8601398601398601,1.0,24/106,21.08%,B4GALT1;CD274;NLGN3;CD99;SRC;ICAM1;SYK;VCL;NLGN2;PIK3CB;MYH9;CRAT;JAM3;TAOK2;FYB1;NF1;CD276;LDLRAP1;TRAF1;BMP1;INPPL1;NEXN;CTNND1;NF2
Stim48hr,Hypoxia,0.2044331833987684,0.7719993291824132,0.877665544332211,1.0,36/133,23.94%,WSB1;PLAUR;PFKFB3;GLRX;HS3ST1;LXN;CDKN1C;ISG20;CAVIN1;B3GALT6;SDC4;PFKP;ENO2;SAP30;MYH9;ATP7A;GAA;KDM3A;STBD1;ALDOC;NAGK;GALK1;SLC25A1;RBPJ;ANXA2;CDKN1A;NFIL3;HMOX1;NDRG1;P4HA1;GRHPR;SLC37A4;BNIP3L;PNRC1;UGP2;PLAC8
Stim48hr,Allograft Rejection,0.20072244796293795,0.7535152886114994,0.9017142857142857,1.0,27/137,17.74%,CD40;CD4;TIMP1;TLR2;GBP2;CAPG;ICAM1;PRF1;ST8SIA4;NCF4;IL12RB1;TAPBP;TLR1;CD7;TNF;ELF4;CCND3;FYB1;IRF7;FLNA;FASLG;IL15;LCP2;CD3E;CTSS;IL27RA;CD79A
Stim48hr,p53 Pathway,0.1941399347093774,0.7438486653263167,0.9273927392739274,1.0,33/158,21.42%,NINJ1;GLS2;TRAFD1;TCN2;RHBDF2;NOTCH1;CCP110;VWA5A;MAPKAPK3;RAD9A;RRAD;PTPRE;CTSD;RNF19B;VDR;PLK3;CSRNP2;IRAG2;CCND3;PTPN14;PIDD1;RALGDS;CDKN1A;PLXNB2;ZBTB16;HMOX1;HSPA4L;NDRG1;PROCR;TAP1;TAX1BP3;CTSF;PRMT2
Stim48hr,Hedgehog Signaling,0.2814509339359338,0.728825803419317,0.8226299694189603,1.0,6/18,19.11%,MYH9;DPYSL2;NRP1;GLI1;NF1;PML
Stim48hr,Mitotic Spindle,0.17246227605789774,0.6726020575946688,0.9844444444444445,1.0,32/172,20.64%,MAP3K11;UXT;RICTOR;ARHGEF7;ARHGEF2;PKD2;PCM1;TBCD;CLIP2;HDAC6;ARHGAP5;VCL;MYH9;AKAP13;RHOT2;TAOK2;CTTN;NET1;BRCA2;FLNA;NF1;SUN2;ANLN;KLC1;BCL2L11;SPTAN1;GEMIN4;NOTCH2;CLASP1;LLGL1;ARHGEF12;PLEKHG2
Stim48hr,Estrogen Response Early,0.1686364558942608,0.6237687482038538,0.9965831435079726,1.0,17/116,14.78%,B4GALT1;MUC1;SEC14L2;SLC37A1;AMFR;KDM4B;CBFA2T3;TMPRSS3;ADCY9;DHRS2;DYNLT3;TSKU;FOXC1;PPIF;RAPGEFL1;NRIP1;ABHD2
Stim48hr,Protein Secretion,0.14915339245850223,0.5301479949773937,0.9975062344139651,1.0,10/77,15.14%,IGF2R;VPS45;AP2S1;ARFGAP3;ATP6V1H;ATP7A;SOD1;CD63;ARFIP1;TSG101
Stim48hr,UV Response Dn,0.14085759359624017,0.5095706731019007,0.9963942307692307,0.9978675971697198,22/94,28.32%,MGLL;ARHGEF9;ATRX;ATXN1;PIK3CD;NRP1;SLC22A18;ANXA2;PEX14;NIPBL;NOTCH2;MAP2K5;MGMT;SCN8A;CDK13;LDLR;SMAD3;ANXA4;TOGARAM1;FYN;RXRA;PIAS3
